{
  "mlm": {
    "avg_time": 0.8019564151763916,
    "avg_memory": 2.0546875,
    "success_rate": 100.0,
    "text_matches": 0.0
  },
  "ocr_denoising": {
    "avg_time": 2.7400147914886475,
    "avg_memory": -0.703125,
    "success_rate": 100.0,
    "text_matches": 0.0
  },
  "vision_based": {
    "avg_time": 2.3178608417510986,
    "avg_memory": -0.734375,
    "success_rate": 100.0,
    "text_matches": 0.0
  }
}